8,ACETAZOLAMIDA,0.9444,SOLIDO ORAL,TABLETA,250 MG,,7703332001419,GLAUCOMED 250MG * 10 TABL. ACETAZOLAMIDA
9,ACETILCISTEINA,0.3927,SOLIDO ORAL,POLVO,100 MG,SOBRE,7861148050523,SILMUCIL 100 ACETILCISTE?çNA 100MG
11,ACETILCISTEINA,0.907,SOLIDO ORAL,POLVO,600 MG,SOBRE,8470008844036,FLUIMUCIL TAB EFERV 600MG CAJ*20 FLUIMUCIL TAB EFERV 600MG CAJ*20
12,ACETILCISTEINA,1.842,LIQUIDO PARENTERAL,SOLUCION INYECTABLE,300 MG,,8470007587064,FLUIMUCIL INY FLUIMUCIL INY
18,ACICLOVIR,5.6942,SEMISOLIDO CUTANEO,CREMA,5%,10 G,770257070007,ACICLOVIR MK UNG 5% TUBO *10G ACICLOVIR MK UNG 5% TUBO *10G
35,ACICLOVIR,1.8046,SOLIDO ORAL,TABLETA,800 MG,,7702605160068,ACICLOVIR 800mg CJ x 10 TABLETAS ACICLOVIR 800mg CJ x 10 TABLETAS
37,ACIDO ACETIL SALICILICO,0.2338,SOLIDO ORAL,TABLETA RECUBIERTA,100 MG,,7861100402438,ACIDO ACETILISALICILICO TABLETA ASPIRINA TABLETA
52,ACIDO ASCORBICO (VITAMINA C),0.5049,LIQUIDO PARENTERAL,SOLUCION INYECTABLE,500 MG,,7861009806603,CEMIN AMP 500MG 5ML
53,ACIDO ASCORBICO (VITAMINA C),9.6679,LIQUIDO PARENTERAL,SOLUCION INYECTABLE,7.5 G,,7862118540805,ACIDO ASCORBICO 7.5 G KIOVIT SOL-INYx7.5GR/50MLx1 INY INY 7.5 G
73,ACIDO TRANEXAMICO,3.6746,LIQUIDO PARENTERAL,SOLUCION INYECTABLE,500 MG,,8906045226233,ACIDO TRANEXAMICO 100MG/ML R.P. ACIDO TRANEXAMICO 100MG/ML R.P. ACIDO TRANEXAMICO 100MG/ML R.P. 100MG/ML
100,ADENOSINA,18.7,LIQUIDO PARENTERAL,SOLUCION INYECTABLE,6 MG,,7707363390085,ADENOSINA AMPOLLA AMPOLLA 2ML
105,AGUA PARA INYECCION,0.4021,LIQUIDO PARENTERAL,SOLUCION INYECTABLE,ND,5 ML,7800062001914,AGUA BIDESTILADA AMP 10CC V 1
107,ALBENDAZOL,0.374,SOLIDO ORAL,TABLETA,200 MG,,7702057070212,ALBENDAZOL MK TAB REC 200MG MK
111,ALBUMINA,90.4239,LIQUIDO PARENTERAL,SOLUCION PARA INFUSION,20%,50 ML,4036124024499,ALBUMINA HUMANA 20% (200G/L) ALBUMINA HUMANA 20% (200G/L) . . .
117,ALOPURINOL,0.0935,SOLIDO ORAL,TABLETA,300 MG,,7861097205067,ALOPURINOL NIFA 300MG * 30TAB. ALOPURINOL NIFA 300MG * 30TAB. ALOPURINOL NIFA 300MG * 30TAB. ALOPURINOL NIFA 300MG * 30TAB. 300MG
135,AMBROXOL,1.8513,LIQUIDO ORAL,JARABE,30 MG/5 ML,60 ML,7441041703797,AMBROXOL CLEMBROXIL FLEM FRASCO JARABE 30MG
146,AMIKACINA,5.3763,LIQUIDO PARENTERAL,SOLUCION INYECTABLE,500 MG,,7702605163113,AMIKACINA INY 500 MG/2ML CAJA X 10 AMP GENFAR AMIKACINA INY 500 MG/2ML CAJA X 10 AMP GENFAR
157,AMINOFILINA,0.4956,LIQUIDO PARENTERAL,SOLUCION INYECTABLE,250 MG,,AMIFIL0025010,AMINOFILINA AMP 250MG 10 ML AMINOFILINA AMP 250MG 10 ML
161,AMITRIPTILINA,0.0842,SOLIDO ORAL,TABLETA,25 MG,,7861148020977,ATLANSIL 200MG*20COMP AMIODARONA ATLANSIL 200MG*20COMP AMIODARONA
163,AMLODIPINA,0.2899,SOLIDO ORAL,TABLETA,10 MG,,7703763991082,AMLODIPINO LA SANTE 10MG* 10 TAB. AMLODIPINO LA SANTE 10MG* 10 TAB.
164,AMLODIPINA,0.3366,SOLIDO ORAL,TABLETA,5 MG ,,7702605160174,AMLODIPINO 5MG CAJA *10 TAB AMLODIPINO 5MG CAJA *10 TAB TABLETAS TABLETAS 5MG
181,AMOXICILINA,0.2151,SOLIDO ORAL,CAPSULA,500 MG,,7702605160181,AMOXICILINA 500MG GENFAR CAJ*50 AMOXICILINA 500MG GENFAR CAJ*50
201,AMOXICILINA,0.4208,SOLIDO ORAL,TABLETA DISPERSABLE,1 G ,,7862104590985,AMOXGRAN 1G * 20 TABLETAS AMOXICILINA AMOXGRAN 1G * 20 TABLETAS AMOXICILINA
202,AMOXICILINA,0.2151,SOLIDO ORAL,TABLETA RECUBIERTA,500 MG,,7702605160181,AMOXICILINA 500MG GENFAR CAJ*50 AMOXICILINA 500MG GENFAR CAJ*50
219,AMPICILINA,0.187,SOLIDO ORAL,CAPSULA,500 MG,,7861009802506,AMPIBEX 500MG * 240 CAPS. AMPICILINA AMPIBEX 500MG * 240 CAPS. AMPICILINA
228,AMPICILINA,0.2805,SOLIDO ORAL,TABLETA,1 G,,7702057070595,AMPICILINA MK 1GR X 100 TABS AMPICILINA MK 1GR X 100 TABS AMPICILINA MK 1GR X 100 TABS AMPICILINA MK 1GR X 100 TABS 1GR
233,AMPICILINA + SULBACTAM (SULTAMICILINA),7.9756,SOLIDO PARENTERAL,POLVO PARA INYECCION,1 000 MG + 500 MG,,7862121730470,AMPICILINA + SULBACTAN 1.5 GR. VIT AMPICILINA + SULBACTAN 1.5 GR. VIT
245,APIXABAN,2.1318,SOLIDO ORAL,TABLETA RECUBIERTA,5 MG,,7730969300073,MANTIXA (APIXABAN) 5MG CAJ*30 COMP MANTIXA (APIXABAN) 5MG CAJ*30 COMP
262,ATORVASTATINA,1.4025,SOLIDO ORAL,CAPSULA,20 MG,,7702605160327,ATORVASTATINA 20 mg CJ x 10 TAB REC ATORVASTATINA 20 mg CJ x 10 TAB REC
271,ATROPINA,0.4488,LIQUIDO PARENTERAL,SOLUCION INYECTABLE,1 MG,,0117800062002444,ATROPINA AMP. 1ML. SDS ATROPINA AMP. 1ML. SDS
280,AZITROMICINA,7.9195,SOLIDO ORAL,POLVO PARA SUSPENSION,200 MG/5 ML,20 ML ,7800060407954,TREX AZITROMICINA 200MG/5ML TREX AZITROMICINA 200MG/5ML
284,AZITROMICINA,1.8233,SOLIDO ORAL,TABLETA RECUBIERTA,500 MG,,7702605160334,AZITROMICINA 500MG CAJ*3 TAB AZITROMICINA 500MG CAJ*3 TAB
297,BETAMETASONA,3.0107,SEMISOLIDO CUTANEO,CREMA,0.05%,40 G,7703889123589,INFLACOR RETARD SOL.INY 6+6/2ML * 1 AMP BETAMETASONA INFLACOR RETARD SOL.INY 6+6/2ML * 1 AMP BETAMETASONA AMPOLLA AMPOLLA 6MG/2ML
306,BETAMETASONA,1.4025,LIQUIDO PARENTERAL,SOLUCION INYECTABLE,4 MG,,7702605162536,BETAMETASONA GENFAR INY. 4MG/ML BETAMETASONA GENFAR INY. 4MG/ML
315,BICARBONATO DE SODIO,0.5423,LIQUIDO PARENTERAL,SOLUCION PARA INFUSION,0.084,10 ML,BICASO0000084,BICARBONATO DE SODIO AMP. 8.4% 10ML. BICARBONATO DE SODIO AMP. 8.4% 10ML
340,BUPIVACAINA (SIN EPINEFRINA),3.5717,LIQUIDO PARENTERAL,SOLUCION INYECTABLE,0.50%,20 ML,BCEPML0000020,BUPIROP SIN EPINEFRINA 0.5% FCO. 20ML. BUPIROP SIN EPINEFRINA 0.5% FCO. 20ML.
345,BUPIVACAINA HIPERBARICA,3.7774,LIQUIDO PARENTERAL,SOLUCION INYECTABLE,0.50%,20 ML,77011008,BUPIROP CON EPINEFRINA 0.5% FCO. 20ML. BUPIROP CON EPINEFRINA 0.5% FCO. 20ML.
349,BUPRENORFINA,17.1947,SOLIDO CUTANEO,PARCHE TRANSDERMICO,20 MG,,TRAN02,TRANSTEC 20MG 25CM X 5 PARCHES TRANSTEC 20MG 25CM X 5 PARCHES
356,BUTIL ESCOPOLAMINA (N-BUTILBROMURO DE HIOSCINA),1.2716,LIQUIDO PARENTERAL,SOLUCION INYECTABLE,20 MG,,ESCOPO0000001,ESCOPOLAMINA ESCOPOLAMINA
360,CALCIO GLUCONATO,0.5891,LIQUIDO PARENTERAL,SOLUCION PARA INFUSION,10%,10 ML,7861182700958,GLUCONATO DE CALCIO 10% 10ML GLUCONATO DE CALCIO 10% 10ML
367,CAPTOPRIL,0.1403,SOLIDO ORAL,TABLETA,50 MG,,7702605160495,CAPTOPRIL 50 mg CAJA X 30 Tabletas CAPTOPRIL 50 mg CAJA X 30 Tabletas
372,CARBAMAZEPINA,0.1122,SOLIDO ORAL,TABLETA,200 MG,,7861097200536,CARBAMAZEPINA NIFA 200 MG * 20 TAB CARBAMAZEPINA NIFA 200 MG * 20 TAB
375,CARBOHIDRATOS (DEXTROSA EN AGUA),2.1038,LIQUIDO PARENTERAL,SOLUCION PARA INFUSION,10%,1000 ML,DEXTRO0000010,DEXTROSA AL 10% 1000ML DEXTROSA AL 10% 1000ML
378,CARBOHIDRATOS (DEXTROSA EN AGUA),2.7863,LIQUIDO PARENTERAL,SOLUCION PARA INFUSION,5%,1000 ML,7861009809017,DEXTROSA AL 5% EN AGUA AL 1000ML DEXTROSA AL 5% EN AGUA AL 1000ML
379,CARBOHIDRATOS (DEXTROSA EN AGUA),5.5446,LIQUIDO PARENTERAL,SOLUCION PARA INFUSION,50%,500 ML,7707141349021,DEXTROSA AL 50 % 500ML DEXTROSA AL 50 % 500ML
389,CASPOFUNGINA,476.663,SOLIDO PARENTERAL,POLVO PARA INYECCION,50 MG,,8903703008057,ACETATO DE CASPOFUNGINA 50MG/10ML ACETATO DE CASPOFUNGINA 50MG/10ML ACETATO DE CASPOFUNGINA 50MG/10ML ACETATO DE CASPOFUNGINA 50MG/10ML 50MG/10ML
395,CEFADROXILO,0.6732,SOLIDO ORAL,CAPSULA,500 MG,,7702605160518,CEFADROXILO 500MG *10 TAB CEFADROXILO 500MG *10 TAB
401,CEFALEXINA,0.2712,SOLIDO ORAL,CAPSULA,500 MG,,7702605160532,CEFALEXINA TABLETAS 500MG GENFAR CEFALEXINA TABLETAS 500MG GENFAR TABLETA TAB 500MG
411,CEFAZOLINA,1.4493,SOLIDO PARENTERAL,POLVO PARA INYECCION,1 G,,7707236121044,CEFAZOLINA AMP. 1GR. VIT CEFAZOLINA AMP. 1GR. VIT
412,CEFEPIMA,7.9008,SOLIDO PARENTERAL,POLVO PARA INYECCION,1 G,,CEFEPI0000001,CEFEPIME 1GR POLVO INY VITALIS CEFEPIME 1GR POLVO INY VITALIS
422,CEFTAZIDIMA,3.6559,SOLIDO PARENTERAL,POLVO PARA INYECCION,1 G,,7707236121969,CEFTAZIDIMA 1GR FCO. CEFTAZIDIMA 1GR FCO.
426,CEFTRIAXONA,7.6296,SOLIDO PARENTERAL,POLVO PARA INYECCION,1 G,,7707236122188,CEFTRIAXONA AMP. 1GR VIT CEFTRIAXONA AMP. 1GR VIT AMPOLLA AMPOLLA 1GR
429,CEFUROXIMA,7.6296,SOLIDO ORAL,POLVO PARA SUSPENSION,125 MG/5 ML,70 ML,7861155901528,CEFUR POLV SUSP 125MG/5ML FCO*70ML CEFUR POLV SUSP 125MG/5ML FCO*70ML
432,CEFUROXIMA,14.371,SOLIDO ORAL,POLVO PARA SUSPENSION,250 MG/ML,70 ML,7861155901535,CEFUR POLV SUSP 250MG/5ML FCO 70ML CEFUR POLV SUSP 250MG/5ML FCO 70ML
436,CEFUROXIMA,1.4119,SOLIDO ORAL,TABLETA,500 MG,,7861097205487,CEFUROXIMA NIFA 500MG*10TAB CEFUROXIMA NIFA 500MG*10TAB
438,CELECOXIB,0.7854,SOLIDO ORAL,CAPSULA,200 MG,,7861097204367,CELECOXIB 200MG CELECOXIB 200MG 200MG CAP 200MG
466,CIPROFLOXACINA,0.8322,SOLIDO ORAL,CAPSULA,500 MG,,7702605160693,CIPROFLOXACINO GENFAR TAB REC 500MG *10 CIPROFLOXACINO GENFAR TAB REC 500MG *10
468,CIPROFLOXACINA,3.553,LIQUIDO PARENTERAL,SOLUCION INYECTABLE,200 MG,,8908003345963,CIPROFLOXACINA 200MG 100ML CIPROFLOXACINA 200MG 100ML
491,CLARITROMICINA,12.1176,SOLIDO PARENTERAL,POLVO PARA INYECCION,500 MG,,7707236122881,CLARITROMICINA I.V. 500MG CLARITROMICINA I.V. 500MG AMPOLLA IV 500MG
500,CLARITROMICINA,24.7401,SOLIDO ORAL,POLVO PARA SUSPENSION,250 MG/5 ML,120 ML,7861150302016,CLARITROMIZINA 250MG/5ML JARB 120ML CLARITROMIZINA 250MG/5ML JARB 120ML
509,CLINDAMICINA,0.5049,SOLIDO ORAL,CAPSULA,300 MG,,7703889096455,CLINDAMICINA 300 MG EUROCLIN CAP 300 MG CAPSULAS CAP 300MG
510,CLINDAMICINA,2.9266,LIQUIDO PARENTERAL,SOLUCION INYECTABLE,600 MG,,7707236122287,CLINDAMICINA AMP. 600MG 4ML VIT CLINDAMICINA AMP. 600MG 4ML VIT
525,CLONAZEPAM,0.2338,SOLIDO ORAL,TABLETA,2 MG,,7790375252939,Neuryl 2mg comp Flexidosis x50 Neuryl 2mg comp Flexidosis x50
527,CLOPIDOGREL,0.9257,SOLIDO ORAL,TABLETA,75 MG,,7703763324019,CLOPIDOGREL LA SANTE 75MG*14TAB CLOPIDOGREL LA SANTE 75MG*14TAB
535,CLORTALIDONA,0.159,SOLIDO ORAL,TABLETA,50 MG,,7861097202592,CLORTALIDONA 50MG *30 TAB CLORTALIDONA 50MG *30 TAB TABLETAS TABLETAS 50MG
536,CLORURO DE POTASIO,0.4582,LIQUIDO PARENTERAL,SOLUCION PARA INFUSION,2 MEQ/ML,5 ML,786100981980,SOLETROL K 10ML AMP POTASIO SOLETROL K 10ML AMP POTASIO
537,CLORURO DE SODIO,0.9163,LIQUIDO PARENTERAL,SOLUCION PARA INFUSION,0.90%,100 ML,7707141301258,CLORURO DE SODIO 0.9% 100ML. BAX CLORURO DE SODIO 0.9% 100ML. BAX
538,CLORURO DE SODIO,1.0005,LIQUIDO PARENTERAL,SOLUCION PARA INFUSION,0.90%,250 ML,7707141349298,CLORURO DE SODIO 0.9% 250ML. BAX CLORURO DE SODIO 0.9% 250ML. BAX
539,CLORURO DE SODIO,1.2529,LIQUIDO PARENTERAL,SOLUCION PARA INFUSION,0.90%,500 ML,CLORUR0000500 ,CLORURO DE SODIO 0.9% 500ML. BAX CLORURO DE SODIO 0.9% 500ML. BAX
540,CLORURO DE SODIO,1.9261,LIQUIDO PARENTERAL,SOLUCION PARA INFUSION,0.90%,1000 ML,7707141349311,CLORURO DE SODIO 0.9% 1000ML. BAX CLORURO DE SODIO 0.9% 1000ML. BAX
543,CLOTRIMAZOL,1.281,SEMISOLIDO CUTANEO,CREMA,1%,40 G,7707141349311,CLORURO DE SODIO 0.9% 1000ML. BAX CLORURO DE SODIO 0.9% 1000ML. BAX
545,CLOTRIMAZOL,4.0486,SEMISOLIDO VAGINAL,CREMA VAGINAL,1%,20 G,7460536520954,VAGIL C 200MG * 6 OVULOS CLOTRIMAZOL VAGIL C 200MG * 6 OVULOS CLOTRIMAZOL MEDICAMENTO MEDICAMENTO 200MG
563,COMBINACIONES (LACTATO DE RINGER),1.9261,LIQUIDO PARENTERAL,SOLUCION PARA INFUSION,ND,1000 ML,7707141349366,LACTATO DE RINGER 1000ML. LACTATO DE RINGER 1000ML.
565,COMPLEJO B,4.5815,LIQUIDO PARENTERAL,SOLUCION INYECTABLE,Conc. Min. 100 MG +100 MG +10 MG,2 ML,7862103070310,COMPLEXIGEME SOL INY FRC. 10ML COMPLEXIGEME SOL INY FRC. 10ML
570,COMPLEJO B,0.1496,SOLIDO ORAL,TABLETA,Conc. Min.  4 MG + 1 MG + 1 MCG,,7702605163557,COMPLEJO B MK X 250 TABLETAS RECUBIERTAS COMPLEJO B MK X 250 TABLETAS RECUBIERTAS
574,COTRIMOXAZOL (SULFAMETOXAZOL + TRIMETOPRIMA ),2.964,LIQUIDO ORAL,SUSPENSION,200 MG + 40 MG/5 ML,100 ML,7862103555008,BACTRIM SUSP 200/40MG/5ML 4.00 FCO*100ML BACTRIM SUSP 200/40MG/5ML 4.00 FCO*100ML
577,COTRIMOXAZOL (SULFAMETOXAZOL + TRIMETOPRIMA ),0.3273,SOLIDO ORAL,TABLETA,800 MG + 160 MG,,7862103553448,BACTRIM FORTE COMP 800/160MG *10 CAP BACTRIM FORTE COMP 800/160MG *10 CAP
594,DEFLAZACORT,2.0757,SOLIDO ORAL,TABLETA,30 MG,,7800018186818,AFLAZACORT 30MG * 10 COMP. DEFLAZACORT AFLAZACORT 30MG * 10 COMP. DEFLAZACORT
601,DESLORATADINA,0.8883,SOLIDO ORAL,TABLETA,5 MG,,7703763393015,DESLORATADINA LA SANTE 5MG * 10 TABLS DESLORATADINA LA SANTE 5MG * 10 TABLS
608,DESONIDA,23.1413,LIQUIDO CUTANEO,EMULSION,0.05%,120 ML ,7703889159526,INFLABON INHALADOR BUDESONIDA INFLABON INHALADOR BUDESONIDA INHALADOR INHALADOR 200UI
610,DEXAMETASONA,0.3366,LIQUIDO PARENTERAL,SOLUCION INYECTABLE,4 MG,,7707236122072,DEXAMETASONA FOSFATO INY 4MG/1ML VIT DEXAMETASONA FOSFATO INY 4MG/1ML VIT
611,DEXAMETASONA,1.1688,LIQUIDO PARENTERAL,SOLUCION INYECTABLE,8 MG,,DEXMET0000008 ,DEXAMETASONA 8 MG/2ML DEXAMETASONA 8 MG/2ML DEXAMETASONA 8 MG/2ML DEXAMETASONA 8 MG/2ML DEXAMETASONA 8 MG/2ML
613,DEXAMETASONA + TOBRAMICINA,7.1154,LIQUIDO OFTALMICO,SUSPENSION OFTALMICA,0.1 % + 0.3 %,5 ML,7612797435458,TOBRADEX 5ML SUSPENSION OFTALMICA TOBRADEX 5ML SUSPENSION OFTALMICA
616,DEXMEDETOMIDINA,37.3159,LIQUIDO PARENTERAL,SOLUCION INYECTABLE,200 MCG,,7707289590552,DEXMEDETOMIDINA AMP 2MG 2ML DEXMEDETOMIDINA AMP 2MG 2ML
619,DIAZEPAM,0.935,LIQUIDO PARENTERAL,SOLUCION INYECTABLE,10 MG,,DIAZ02 ,DIAZEPAM 10MG 2ML AMP DIAZEPAM 10MG 2ML AMP
623,DICLOFENACO,0.187,SOLIDO ORAL,GRAGEA,50 MG,,7896261015524,CATAFLAM 50MG * 60 GRAGEAS DICLOFENACO CATAFLAM 50MG * 60 GRAGEAS DICLOFENACO
626,DICLOFENACO,0.72,LIQUIDO PARENTERAL,SOLUCION INYECTABLE,75 MG,,DICLOF0000001 ,DICLOFENACO AMP. 75MG 3ML VIT DICLOFENACO AMP. 75MG 3ML VIT
643,DICLOXACILINA,0.187,SOLIDO ORAL,TABLETA,500 MG,,7703763480227,Dicloxacilina 500 mg CAPS Dicloxacilina 500 mg CAPS
659,DIGOXINA,7.0686,LIQUIDO PARENTERAL,SOLUCION INYECTABLE,0.50 MG,,DIGAMP0000001 ,DIGOXINA 0.5MG/2ML AMP DIGOXINA 0.5MG/2ML AMP
669,DIMENHIDRINATO,0.0374,SOLIDO ORAL,TABLETA,50 MG,,7862108274669,MAREOL 50MG *30 COMP DIMENHIDRINATO MAREOL 50MG *30 COMP DIMENHIDRINATO
672,DOBUTAMINA,20.4204,LIQUIDO PARENTERAL,SOLUCION INYECTABLE,250 MG,,7862103890185,DOBUTAMINA 250MG/5ML APM BIOSANO DOBUTAMINA 250MG/5ML APM BIOSANO
675,DOPAMINA,1.2062,LIQUIDO PARENTERAL,SOLUCION INYECTABLE,200 MG,,117800062003144,DOPAMINA AMP. 200MG 5ML SDS DOPAMINA AMP. 200MG 5ML SDS
677,DORZOLAMIDA,21.879,LIQUIDO OFTALMICO,SOLUCION OFTALMICA,0.02,5 ML ,7795368001990,GLAUCOTENSIL T SOL.OFT.* 5ML DORZOLAMIDA TIMOLOL GLAUCOTENSIL T SOL.OFT.* 5ML DORZOLAMIDA TIMOLOL
679,DOXAZOSINA,0.6265,SOLIDO ORAL,TABLETA,2 MG,,7861097205555,DOXAZOSINA NIFA 2MG*20 TAB DOXAZOSINA NIFA 2MG*20 TAB
680,DOXAZOSINA,1.2342,SOLIDO ORAL,TABLETA,4 MG,,7861097205562,DOXAZOSINA NIFA 4MG*20 TAB DOXAZOSINA NIFA 4MG*20 TAB
681,DOXICICLINA,0.2151,SOLIDO ORAL,TABLETA,100 MG,,7750215009147,DOXICICLINA 100MG CAJ*100 CAP DOXICICLINA 100MG CAJ*100 CAP
694,EFEDRINA,0.5797,LIQUIDO PARENTERAL,SOLUCION INYECTABLE,60 MG,,7861182700989,EFEDRINA SULFATO 60MG/1ML EFEDRINA SULFATO 60MG/1ML
696,ELECTROLITOS CON CARBOHIDRATOS (DEXTROSA EN SOLUCION SALINA),2.777,LIQUIDO PARENTERAL,SOLUCION PARA INFUSION,5% + 0.9 %,250 ML,7707141348963,DEXTROSA AL 5% AL 250ML SOL INY BAXTER DEXTROSA AL 5% AL 250ML SOL INY BAXTER
698,ELECTROLITOS CON CARBOHIDRATOS (DEXTROSA EN SOLUCION SALINA),1.4773,LIQUIDO PARENTERAL,SOLUCION PARA INFUSION,5% + 0.9 %,1000 ML,7707141349205,DEXTROSA AL 5% EN CLORURO SODIO 1000ML. DEXTROSA AL 5% EN CLORURO SODIO 1000ML.
703,ENALAPRIL,9.4061,LIQUIDO PARENTERAL,SOLUCION INYECTABLE,1.25 MG,,7795345006161,LOTRIAL AMP. 2ML LOTRIAL AMP. 2ML
705,ENALAPRIL,0.1683,SOLIDO ORAL,TABLETA,10 MG,,7800063810652,ENALAPRIL ECUAQUIMICA 10MG *20COMP ENALAPRIL ECUAQUIMICA 10MG *20COMP COMPRIMIDO COMPRIMIDO 10MG
707,ENALAPRIL,0.1403,SOLIDO ORAL,TABLETA,5 MG,,7861097201991,
714,ENOXAPARINA,6.545,LIQUIDO PARENTERAL,SOLUCION INYECTABLE,20 MG,,7703889150172,ENOXAPARINA 20MG ENOXAPARINA 20MG
715,ENOXAPARINA,8.9854,LIQUIDO PARENTERAL,SOLUCION INYECTABLE,40 MG,,8903703009597,ENOXAPARINA SODICA 40MG ENOXAPARINA SODICA 40MG
716,ENOXAPARINA,10.472,LIQUIDO PARENTERAL,SOLUCION INYECTABLE,60 MG,,7703889150196,ENOXAPARINA SODICA 60MG. AMP. ENOXAPARINA SODICA 60MG. AMP.
717,ENOXAPARINA,13.7352,LIQUIDO PARENTERAL,SOLUCION INYECTABLE,80 MG,,7703889150202,ENOXAPARINA 80MG AMP ENOXAPARINA 80MG AMP
720,EPINEFRINA,0.5236,LIQUIDO PARENTERAL,SOLUCION INYECTABLE,1 MG,,7800061175104,ENOXAPARINA 80MG AMP ENOXAPARINA 80MG AMP
721,EPINEFRINA (ADRENALINA) RACEMICA,4.6376,LIQUIDO PARA INHALACION,SOLUCION PARA INHALACION,2.25%,0.5 ML,ADRENALINARAC0001 ,ADRENALINA RACEMICA EXUDROL NF RACEPINEFRINA SOLUCION INHALATORIA 2.25% AMP AMP 2.25%
754,ERTAPENEM,73.8276,SOLIDO PARENTERAL,POLVO PARA INYECCION,1 G,,3556610000260,INVAZ 1GR INVAZ 1GR
755,ESCITALOPRAM,1.1594,SOLIDO ORAL,TABLETA RECUBIERTA,10 MG,,ESC0000000000 ,ESCITALOPRAM 10MG TABLETA RECUBIERTA ESCITALOPRAM 10MG TABLETA RECUBIERTA TABLETA TABLETA 10MG
756,ESCITALOPRAM,2.1973,SOLIDO ORAL,TABLETA RECUBIERTA,20 MG,,7730969306396,EZENTIUS 20MG CAJ*30 COMP EZENTIUS 20MG CAJ*30 COMP
759,ESOMEPRAZOL,0.9444,SOLIDO ORAL,TABLETA ,20 MG,,7703763310036,ESOMEPRAZOL 20MG LA SANTE CAJ*14 ESOMEPRAZOL 20MG LA SANTE CAJ*14
761,ESOMEPRAZOL,1.4119,SOLIDO ORAL,TABLETA ,40 MG,,7702057709006,ESOMEPRAZOL MK 40MG CAJ*30 TABS ESOMEPRAZOL MK 40MG CAJ*30 TABS . . 40MG
765,ESPIRONOLACTONA,0.2992,SOLIDO ORAL,TABLETA RECUBIERTA,25 MG,,7800063810560,ESPIRONOLACTONA ECUAQUIMICA 25MG * 20 CO ESPIRONOLACTONA ECUAQUIMICA 25MG * 20 CO
784,ETAMSILATO,1.4586,SOLIDO ORAL,TABLETA RECUBIERTA,500 MG,,7640107471216,DICYNONNE 500MG CAJ*20 DICYNONNE 500MG CAJ*20
795,ETORICOXIB,2.5432,SOLIDO ORAL,TABLETA RECUBIERTA,120 MG,,7730979097703,XUMER 120MG COMP X7 XUMER 120MG COMP X7 COMPRIMIDOS COMPRIMIDOS RECUBIERTOS 120 MG
796,ETORICOXIB,1.5989,SOLIDO ORAL,TABLETA RECUBIERTA,60 MG,,7790375267841,FLOGOCOX 60MG CAJA X 14COMP FLOGOCOX 60MG CAJA X 14COMP
797,ETORICOXIB,1.6924,SOLIDO ORAL,TABLETA RECUBIERTA,90 MG,,7790375267858,FLOGOCOX 90MG (ETORICOXIB) *14COMP FLOGOCOX 90MG (ETORICOXIB) *14COMP
819,FENITOINA,0.0748,SOLIDO ORAL,CAPSULA,100 MG,,7501384544454,FENITOINA SODICA 100mg FENITRON TAB. 100mg. TABLETAS FENITOINA SODICA 100mg TABLETAS 100mg
821,FENITOINA,0.9537,LIQUIDO PARENTERAL,SOLUCION INYECTABLE,250 MG,,7707236128616,FENITOINA 250MG/5ML AMP FENITOINA 250MG/5ML AMP
822,FENOBARBITAL,0.4769,LIQUIDO PARENTERAL,SOLUCION INYECTABLE,120 MG,2 ML,7861009810327,FENOBARBITAL SODICO FENOBARBITAL SODICO AMPOLLA SOLUCION PARA INYECTAR 2 ML
823,FENOFIBRATO,0.6545,SOLIDO ORAL,CAPSULA,200 MG,,3400970002436,FENOFIBRATO LIPIDIL CAPSULAS CAPSULAS 200mg
825,FENTANILO,2.4591,LIQUIDO PARENTERAL,SOLUCION INYECTABLE,5 MG,,MED064,FENTANILO 0.5MG 10ML AMP FENTANILO 0.5MG 10ML AMP
836,FILGRASTIM,110.6573,LIQUIDO PARENTERAL,JERINGA PRELLENADA,300 MCG,,7730979512107,FILGRASTIM 300 UG/1 ML CAJA* 5 AMP FILGRASTIM 300 UG/1 ML CAJA* 5 AMP FILGRASTIM 300 UG/1 ML CAJA* 5 AMP FILGRASTIM 300 UG/1 ML CAJA* 5 AMP 300 UG/1 ML CAJA* 5 AMP
840,FITOMENADIONA,1.3838,LIQUIDO PARENTERAL,SOLUCION INYECTABLE,10 MG,,7861182701245,FITOMENADIONA AMP. 10MG1ML SDS FITOMENADIONA AMP. 10MG1ML SDS
845,FLUCONAZOL,1.0285,SOLIDO ORAL,CAPSULA,150 MG,,7703763480111,FLUCONAZOL FLUCONAZOL CAPSULA CAPSULA CAPSULA
850,FLUCONAZOL,10.5188,LIQUIDO PARENTERAL,SOLUCION INYECTABLE,200 MG,100 ML,FLU001,FLUCONAZOL INY 200MG 100ML PROT FLUCONAZOL INY 200MG 100ML PROT
855,FLUMAZENIL,26.6382,LIQUIDO PARENTERAL,SOLUCION INYECTABLE,0.5MG,5ML,FLUMAZ0050005,FLUMAZENIL 0.5MG 5ML SDS FLUMAZENIL 0.5MG 5ML SDS
863,FLUOXETINA,0.2899,SOLIDO ORAL,TABLETA,20 MG,,7790375252632,NEUPAX 20MG CAJA X 50 COMP NEUPAX 20MG CAJA X 50 COMP
867,FLUTICASONA,31.5469,LIQUIDO PARA INHALACION,SUSPENSION PARA INHALACION ,250 MCG/DOSIS,120 DOSIS,7730698015897,AERONID 50/25 MCG X 120 DOSIS AERONID 50/25 MCG X 120 DOSIS
894,FORMULAS PARA NUTRICION ENTERAL,25.245,SOLIDO ORAL,POLVO,ND,900 G,SMOFKA0000001,SMOFKABIVEN CENTRAL 986ML SMOFKABIVEN CENTRAL 986ML
900,FOSFOMICINA,0.7854,SOLIDO ORAL,CAPSULA,500 MG,,7501314701766,FOSFOCIL CAP 500MG CAJ*12 FOSFOCIL CAP 500MG CAJ*12
906,FUROSEMIDA,0.2899,LIQUIDO PARENTERAL,SOLUCION INYECTABLE,20 MG,2 ML,7702605161058,FUROSEMIDA AMP. 20MG 2ML SDS FUROSEMIDA AMP. 20MG 2ML SDS . .
908,FUROSEMIDA,0.0842,SOLIDO ORAL,TABLETA,40 MG,,7702605161041,FUROSEMIDA 40 MG GENFAR CAJ* 100 TAB FUROSEMIDA 40 MG GENFAR CAJ* 100 TAB
909,GABAPENTINA,0.935,SOLIDO ORAL,CAPSULA,300 MG,,7702057070229,GABAPENTIN MK CAP 300MG CAJ*30 GABAPENTIN MK CAP 300MG CAJ*30
922,GEMFIBROZILO,0.2899,SOLIDO ORAL,TABLETA,600 MG,,7703763059775,GEMFIBROZILO SANTE TAB REC 600MG CAJ*20 GEMFIBROZILO SANTE TAB REC 600MG CAJ*20
925,GENTAMICINA,2.3095,SEMISOLIDO CUTANEO,CREMA,0.10%,20 G,7861148011678,GENTAMAX CREMA 0.1% GENTAMAX CREMA 0.1%
930,GENTAMICINA,0.6358,LIQUIDO PARENTERAL,SOLUCION INYECTABLE,80 MG,,7707236125141,GENTAMICINA AMP. 80MG 2ML VIT GENTAMICINA AMP. 80MG 2ML VIT
931,GENTAMICINA,1.9448,LIQUIDO PARENTERAL,SOLUCION INYECTABLE,80 MG,,7861009811164,GENBEXIL 80MG GENBEXIL 80MG
932,GENTAMICINA,0.8041,LIQUIDO PARENTERAL,SOLUCION INYECTABLE,160 MG,,7707236126322,GENTAMICINA AMP. 160MG 2ML VIT GENTAMICINA AMP. 160MG 2ML VIT
934,GENTAMICINA,1.8607,SEMISOLIDO OFTALMICO,UNGUENTO OFTALMICO,0.30%,3.5 G,7800060003323,OFTAGEN UNG OFT 3.5 G OFTAGEN UNG OFT 3.5 G
953,HALOPERIDOL,0.6078,LIQUIDO PARENTERAL,SOLUCION INYECTABLE,5 MG,,HALOPE0000051,HALOPERIDOL 5MG/1ML AMP.(SANDERSON) HALOPERIDOL 5MG/1ML AMP.(SANDERSON)
959,HEPARINA (NO FRACCIONADA),4.9742,LIQUIDO PARENTERAL,SOLUCION INYECTABLE,5 000 UI/ML,5 ML ,7800062002904,HEPARINA SOD. AMP. 5000U.ISDS HEPARINA SOD. AMP. 5000U.ISDS
965,HIDROCORTISONA,2.7302,SOLIDO PARENTERAL,POLVO PARA INYECCION,100 MG,,7707236127480,HIDROCORTISONA VITALIS 100MG*AMP CAJ*10 AMP HIDROCORTISONA VITALIS 100MG*AMP CAJ*10 AMP
966,HIDROCORTISONA,3.9738,SOLIDO PARENTERAL,POLVO PARA INYECCION,500 MG,,HIDTIF0000001,HIDROCORTIF 500MG INY HIDROCORTIF 500MG INY
970,HIDROXICLOROQUINA,0.8135,SOLIDO ORAL,TABLETA,200 MG,,7862115210193,HIDROXICLOROQUINA BKF CAJ*20 TAB 200MG HIDROXICLOROQUINA BKF CAJ*20 TAB 200MG
980,HIDROXOCOBALAMINA (VITAMINA B12),0.5797,LIQUIDO PARENTERAL,SOLUCION INYECTABLE,1 MG,,7861009818002,ROJAMIN REFORZADO 1ML *10 APM ROJAMIN REFORZADO 1ML *10 APM
985,IBUPROFENO,0.2338,SOLIDO ORAL,CAPSULA BLANDA,200 MG,,7861009805675,BUPREX FLASH 200MG *10CAP IBUPROFENO BUPREX FLASH 200MG *10CAP IBUPROFENO
990,IBUPROFENO,0.72,LIQUIDO ORAL,SUSPENSION,200 MG/5 ML,30 ML ,7862111351333,DOLORGESIC GOTAS PEDIATR 40MG/ML *30ML IBUPROFENO DOLORGESIC GOTAS PEDIATR 40MG/ML *30ML IBUPROFENO
992,IBUPROFENO,2.8611,LIQUIDO ORAL,SUSPENSION,200 MG/5 ML,120 ML,7862111351326,DOLORGESIC FORTE 200MG/5ML SUSP *120ML IBUPROFENO DOLORGESIC FORTE 200MG/5ML SUSP *120ML IBUPROFENO
995,IBUPROFENO,0.374,SOLIDO ORAL,CAPSULA BLANDA,400 MG,,7861009805682,BUPREX FLASH 400MG CAJ*10 CAP BUPREX FLASH 400MG CAJ*10 CAP
996,IBUPROFENO,0.1216,SOLIDO ORAL,TABLETA,600 MG,,7703763270637,IBUPROFENO 600MG LA SANTE CAJ*50 IBUPROFENO 600MG LA SANTE CAJ*50
997,IBUPROFENO,0.5049,SOLIDO ORAL,CAPSULA DE LIBERACION PROLONGADA,600 MG,,7862111350916,Dolorgesic 600 mg x 20 cap Blandas Dolorgesic 600 mg x 20 cap Blandas
1016,IMIPENEM + CILASTATINA,23.9921,SOLIDO PARENTERAL,POLVO PARA INYECCION,500 MG + 500 MG,,7707236122362,IMIPENEM 0.5G+CILASTATINA0.5G IMIPENEM 0.5G+CILASTATINA0.5G AMPOLLA AMP 0.5 G
1059,IPRATROPIO BROMURO,12.1457,LIQUIDO PARA INHALACION,SOLUCION PARA INHALACION,0.02 MG/DOSIS,200 DOSIS,4048846001665,ATROVENT HFA AEROSOL 20MCG FCO*10ML ATROVENT HFA AEROSOL 20MCG FCO*10ML AEROSOL AEROSOL 11.22G
1060,IPRATROPIO BROMURO,12.0335,LIQUIDO PARA INHALACION,SOLUCION PARA INHALACION,5 MG,20 ML ,4048846002396,ATROVENT 20ML SOL FCO ATROVENT 20ML SOL FCO SOLUCION PARA INHALAR 0.025 %
1076,KETAMINA,2.8705,LIQUIDO PARENTERAL,SOLUCION INYECTABLE,500 MG,,7800062003406,KETAMINA 500MG/10ML KETAMINA 500MG/10ML AMPOLLA AMPOLLA 500MG/10ML
1082,KETOCONAZOL,0.346,SOLIDO ORAL,TABLETA,200 MG,,7800063810331,KETOCONAZOL ECUAQUIMICA 200MG *10 COMP KETOCONAZOL ECUAQUIMICA 200MG *10 COMP
1086,KETOPROFENO,0.4114,SOLIDO ORAL,TABLETA RECUBIERTA,100 MG,,7891058001100,BIPROFENID COMP LIB PROL 150MG CAJ*10 BIPROFENID COMP LIB PROL 150MG CAJ*10
1090,KETOROLACO,1.9635,LIQUIDO PARENTERAL,SOLUCION INYECTABLE,30 MG,,7502245841361,KETOROLACO 30MG/1ML INY VIT KETOROLACO 30MG/1ML INY VIT
1091,KETOROLACO,3.1977,LIQUIDO PARENTERAL,SOLUCION INYECTABLE,30 MG,,7861152100276,DOLGENAL KETOROLAC INY 30MG/ML DOLGENAL KETOROLAC INY 30MG/ML
1094,KETOROLACO,0.4395,SOLIDO ORAL,TABLETA,10 MG,,7861152100252,DOLGENAL 10 MG * 10 COMP KETOROLACO TROMETAMINA DOLGENAL 10 MG * 10 COMP KETOROLACO TROMETAMINA
1095,KETOROLACO,2.4684,SOLIDO ORAL,TABLETA,30 MG,,7841141004389,DOLGENAL SL 30MG *8 COMP SUBLINGUAL KETOROLACO TROME DOLGENAL SL 30MG *8 COMP SUBLINGUAL KETOROLACO TROME
1109,LACTULOSA,9.2472,LIQUIDO ORAL,SOLUCION ORAL,65%,220 ML ,7861148020540,LACTULOSA JBE 3.33G/5ML FCO*220ML LACTULOSA JBE 3.33G/5ML FCO*220ML
1126,LAMOTRIGINA,0.2057,SOLIDO ORAL,TABLETA,25 MG,,LAMI000000000 ,LAMOTRIGINA LAMICTAL 25MG TABLETA TABLETA TABLETA 25MG
1133,LANSOPRAZOL,1.1407,SOLIDO ORAL,CAPSULA,15 MG,,7730969300400,LANZOPRAL 15MG *30 CAP LANSOPRAZOL LANZOPRAL 15MG *30 CAP LANSOPRAZOL
1134,LANSOPRAZOL,1.3651,SOLIDO ORAL,CAPSULA,30 MG,,7702605161423,LANSOPRAZOL 30G GENFAR LANSOPRAZOL 30G GENFAR
1157,LEVETIRACETAM,1.8993,SOLIDO ORAL,TABLETA RECUBIERTA,1 G,,7730969300578,CEUMID 100MG CAJ*30 COMP CEUMID 100MG CAJ*30 COMP
1160,LEVETIRACETAM,1.0519,SOLIDO ORAL,TABLETA RECUBIERTA,500 MG,,7730969301421,CEUMID 500MG CAJ*30 COMP CEUMID 500MG CAJ*30 COMP
1164,LEVOCETIRIZINA,6.8629,LIQUIDO ORAL,JARABE,5 MG/5 ML,100 ML ,7703763997299,LEVOCETIRIZINA SANTE JBE 0.05% FCO*100ML LEVOCETIRIZINA SANTE JBE 0.05% FCO*100ML
1166,LEVOCETIRIZINA,1.0098,SOLIDO ORAL,TABLETA RECUBIERTA,5 MG,,7703763999651,LEVOCETIRIZINA SANTE TAB 5MG CAJ*10 LEVOCETIRIZINA SANTE TAB 5MG CAJ*10
1167,LEVODOPA + CARBIDOPA,0.4675,SOLIDO ORAL,TABLETA,250 MG + 25 MG,,7705959886455,CARBIDOPA+LEVODOPA GENFAR 25/250MG *30 COMP CARBIDOPA+LEVODOPA GENFAR 25/250MG *30 COMP
1168,LEVOFLOXACINA,11.5847,LIQUIDO PARENTERAL,SOLUCION INYECTABLE,500 MG,,7460536560592,ASTEFOR 500MG 20ML ASTEFOR 500MG 20ML
1169,LEVOFLOXACINA,2.431,SOLIDO ORAL,TABLETA,750 MG,,7460536560097,Astefor 750mg 5 crec Astefor 750mg 5 crec
1170,LEVOFLOXACINA,1.4119,SOLIDO ORAL,TABLETA RECUBIERTA,500 MG,,7891317018665,LEVOFLOXACINO 500MG MOMENTA LEVOFLOXACINO 500MG MOMENTA
1178,LEVONORGESTREL,6.5357,SOLIDO ORAL,TABLETA,1.5 MG,1 UNIDAD,5997001369210,ESCAPEL 1.5MG*1 COMPR. LEVONORGESTREL ESCAPEL 1.5MG*1 COMPR. LEVONORGESTREL
1188,LEVOSULPIRIDA,1.1867,SOLIDO ORAL,TABLETA,25 MG,,7861149200682,DISLEP 25MG CAJAX20 COMP DISLEP 25MG CAJAX20 COMP
1189,LEVOTIROXINA SODICA,0.0561,SOLIDO ORAL,TABLETA,0.05 MG,,750129822506,EUTIROX 50MG EUTIROX 50MG
1190,LEVOTIROXINA SODICA,0.0739,SOLIDO ORAL,TABLETA,0.075 MG,,7501298225043,EUTIROX 75 MCG EUTIROX 75 MCG
1192,LEVOTIROXINA SODICA,0.0739,SOLIDO ORAL,TABLETA,0.100 MG (100 MCG),,7501298225036,EUTIROX TAB 100MG CAJ*50 EUTIROX TAB 100MG CAJ*50
1194,LEVOTIROXINA SODICA,0.0935,SOLIDO ORAL,TABLETA,0.125 MG,,7501298225012,EUTIROX 125MG EUTIROX 125MG
1195,LEVOTIROXINA SODICA,0.1419,SOLIDO ORAL,TABLETA,0.150 MG (150 MCG),,7501298225029,EUTIROX 150MCG YAB CAJA*50 EUTIROX 150MCG YAB CAJA*50
1197,LIDOCAINA,13.8006,LIQUIDO CUTANEO,SOLUCION TOPICA,80G,83ML,7704588000409,ROXICAINA SPRAY CON ATOMIZADOR * 80 GRS ROXICAINA SPRAY CON ATOMIZADOR * 80 GRS
1200,LIDOCAINA (SIN EPINEFRINA),3.366,LIQUIDO PARENTERAL,SOLUCION INYECTABLE,2%,50 ML ,7704588000331,ROXICAINA SIN EPINEFRINA 50 ML FRA ROXICAINA SIN EPINEFRINA 50 ML FRA
1201,LIDOCAINA + BETAMETASONA,0.2821,SOLIDO RECTAL,SUPOSITORIO,20 MG + 1.286 MG,,7800007110459,SUPOSITORIO CONTRALMOR SUPOSITORIO 250mg SUPOSITORIO
1203,LIDOCAINA CON EPINEFRINA,2.1038,LIQUIDO PARENTERAL,SOLUCION INYECTABLE,2 % + 5 MCG,20 ML ,77010988,ROXICAINA 2% EPINEFRINA LIDOCAINA 50 ML ROXICAINA 2% EPINEFRINA LIDOCAINA 50 ML FRASCO FRASCO 50ML
1204,LIDOCAINA CON EPINEFRINA,3.5063,LIQUIDO PARENTERAL,SOLUCION INYECTABLE,2 % + 5 MCG,50 ML ,7704588000355,ROXICAINA CON EPINEFRINA 0.5% FCO. 50ML. ROXICAINA CON EPINEFRINA 0.5% FCO. 50ML. FCO. 50ML. FCO. 50ML. 0.5% FCO. 50ML.
1209,LINCOMICINA,1.468,LIQUIDO PARENTERAL,SOLUCION INYECTABLE,600 MG,,7702605161447,LINCOMICINA GENFAR 600MG SOL INY* 6 AMP. LINCOMICINA GENFAR 600MG SOL INY* 6 AMP.
1211,LINEZOLID,74.8561,LIQUIDO PARENTERAL,SOLUCION INYECTABLE,600 MG,,7707289590293,ZOLIDONE ADS PHARMA ZOLIDONE ADS PHARMA
1223,LORATADINA,4.7872,LIQUIDO ORAL,SOLUCION ORAL,5 MG/5 ML,100 ML ,7703763320424,LORATADINA SANTE JBE 5MG/5ML FCO*100ML LORATADINA SANTE JBE 5MG/5ML FCO*100ML
1225,LORATADINA,0.1309,SOLIDO ORAL,TABLETA,10 MG,,7703763320127,LORATADINA 10MG CAJ*10 TAB LORATADINA 10MG CAJ*10 TAB
1229,LOSARTAN,0.3553,SOLIDO ORAL,TABLETA,50 MG,,7861141100898,ARADOS 50MG (LOSARTAN POTASICO) ARADOS 50MG (LOSARTAN POTASICO)
1234,MAGALDRATO CON SIMETICONA,6.4281,LIQUIDO ORAL,GEL,ND,250 ML ,7862111350480,ACITIP GEL FCO*250ML MAGALDRATO 800 SIMETICONA 100 ACITIP GEL FCO*250ML MAGALDRATO 800 SIMETICONA 100
1235,MAGALDRATO CON SIMETICONA,3.8569,LIQUIDO ORAL,COMPRIMIDOS,800/40MG,,7861000226226,ACITIP 800MG* 20 COMP MASTICABLES MAGALDRATO 800 SIMETI ACITIP 800MG* 20 COMP MASTICABLES MAGALDRATO 800 SIMETI
1238,MANITOL,4.2075,LIQUIDO PARENTERAL,SOLUCION INYECTABLE,20%,500 ML ,7707141350362,OSMORIN 20% 500ML FUNDA = MANITOL OSMORIN 20% 500ML FUNDA = MANITOL
1247,MEDROXIPROGESTERONA,10.7058,LIQUIDO PARENTERAL,SUSPENSION INYECTABLE,150 MG,,7861004401070,DEPOPROVERA SUSP INY 150MG/ML DEPOPROVERA SUSP INY 150MG/ML
1259,MEROPENEM,41.6262,SOLIDO PARENTERAL,POLVO PARA INYECCION,1 G,,7707236125103,MEROPENEM VIT MEROPENEM VIT
1264,METFORMINA,0.2338,SOLIDO ORAL,TABLETA RECUBIERTA,500 MG,,7861149201443,GLICENEX 500MG CAJ*30 COMP GLICENEX 500MG CAJ*30 COMP
1266,METFORMINA,0.6545,SOLIDO ORAL,TABLETA RECUBIERTA,750 MG,,7861154800303,GLUCOFAGE XR COMP 750MG GLUCOFAGE XR COMP 750MG
1278,METILPREDNISOLONA. ACETATO,6.3674,LIQUIDO PARENTERAL,SUSPENSION INYECTABLE,40 MG,,7861004010807,DEPO MEDROL 40MG DEPO MEDROL 40MG SUSPENSION INYECTABLE SUSPENSION INYECTABLE 40 mg
1279,METILPREDNISOLONA. ACETATO,9.696,LIQUIDO PARENTERAL,SUSPENSION INYECTABLE,80 MG,,PEPMMG0000080,DEPOMEDROL AMP 80 MG DEPOMEDROL AMP 80 MG
1280,METILPREDNISOLONA. SUCCINATO,9.6586,SOLIDO PARENTERAL,POLVO PARA INYECCION,125 MG,2 ML,8904187891210,METILPRENDISOLONA 125MG METILPRENDISOLONA 125MG METILPRENDISOLONA 125MG METILPRENDISOLONA 125MG METILPRENDISOLONA 125MG
1281,METILPREDNISOLONA. SUCCINATO,25.1048,SOLIDO PARENTERAL,POLVO PARA INYECCION,500 MG,,8904187820234,METILPRENDISOLONA 500MG METILPRENDISOLONA 500MG METILPRENDISOLONA 500MG METILPRENDISOLONA 500MG METILPRENDISOLONA 500MG
1282,METIMAZOL,0.1216,SOLIDO ORAL,TABLETA,5 MG,,7703454121804,TAPAZOL TAB 5MG CAJ*100 TAPAZOL TAB 5MG CAJ*100
1286,METOCLOPRAMIDA,0.4395,LIQUIDO PARENTERAL,SOLUCION INYECTABLE,10 MG,,7861182700996,METOCLOPRAMIDA AMP. 10MG 2ML. SDS METOCLOPRAMIDA AMP. 10MG 2ML. SDS
1287,METOCLOPRAMIDA,0.0468,SOLIDO ORAL,TABLETA,10 MG,,7861009814523,METOCLOX 10MG CAJ*100 METOCLOX 10MG CAJ*100
1295,METRONIDAZOL,4.7592,LIQUIDO PARENTERAL,SOLUCION INYECTABLE,500 MG,,7800062002096,METRONIDAZOL INY 500MG METRONIDAZOL INY 500MG
1296,METRONIDAZOL,0.1122,SOLIDO ORAL,CAPSULA,500 MG,,7703153008932,ETRON 500MG * 50 CAP METRONIDAZOL ETRON 500MG * 50 CAP METRONIDAZOL
1309,MIDAZOLAM,3.5811,LIQUIDO PARENTERAL,SOLUCION INYECTABLE,15 MG,,MCA10,MIDAZOLAM 15MG/3ML MC MIDAZOLAM 15MG/3ML MC . . .
1310,MIDAZOLAM,6.8723,LIQUIDO PARENTERAL,SOLUCION INYECTABLE,50 MG,,IEC043,MIDAZOLAM 50 MG/10ML SOL INY SANDERS MIDAZOLAM 50 MG/10ML SOL INY SANDERS
1316,MIRTAZAPINA,1.1875,SOLIDO ORAL,TABLETA RECUBIERTA,15 MG,,7730979095471,MIRTAPAX COMRECx15MGx10 MIRTAPAX COMRECx15MGx10 . . .
1318,MISOPROSTOL,0.4675,SOLIDO ORAL,TABLETA,200 MCG,,PFI08 ,CYTOTEC TAB 200MCG X 28 CYTOTEC TAB 200MCG X 28
1324,MOMETASONA,20.9627,LIQUIDO PARA INHALACION,SUSPENSION PARA INHALACION ,50 MCG/DOSIS,120 DOSIS,7861051670535,NASONEX SPAR NASAL NASONEX SPAR NASAL NASONEX SPAR NASAL NASONEX SPAR NASAL NASONEX SPAR NASAL
1329,MORFINA,3.3473,LIQUIDO PARENTERAL,SOLUCION INYECTABLE,20 MG,,MORF04,MORFINA 20MG 1ML AMP MORFINA 20MG 1ML AMP
1330,MORFINA,1.5521,LIQUIDO PARENTERAL,SOLUCION INYECTABLE,10 MG,,MOR.01,MORFINA AMP 10MG/1ML MORFINA AMP 10MG/1ML
1346,NALOXONA,9.2098,LIQUIDO PARENTERAL,SOLUCION INYECTABLE,0.4 MG,,NELHCL0000001,NALOXONA HCL 400MG INY NALOXONA HCL 400MG INY
1360,NEOSTIGMINA,0.6358,LIQUIDO PARENTERAL,SOLUCION INYECTABLE,0.5 MG,,7861182701337,NEOSTIGMINA AMP 0.5MG 1ML SDS NEOSTIGMINA AMP 0.5MG 1ML SDS
1365,NIFEDIPINA,0.1216,SOLIDO ORAL,CAPSULA,10 MG,,7862104591302,NIFEDIPINO LABOVIDA 10MG *50 CAP NIFEDIPINO LABOVIDA 10MG *50 CAP
1374,NIMODIPINA,0.7761,SOLIDO ORAL,TABLETA,60 MG,,7861152101013,VASOACTIN FORTE 60MG COMP. *30 NIMODIPINO/CITICOLINA VASOACTIN FORTE 60MG COMP. *30 NIMODIPINO/CITICOLINA COMPRIMIDOS COMPRIMIDOS RECUBIERTOS 60 MG
1378,NISTATINA,11.9493,LIQUIDO ORAL,SUSPENSION ORAL,100 000 UI/ML,120 ML,7861148011081,ACRONISTINA FCO*120ML NISTATINA ACRONISTINA FCO*120ML NISTATINA
1381,NITAZOXANIDA,6.143,SOLIDO ORAL,POLVO PARA SUSPENSION,100 MG/5 ML,60 ML,7861148020281,COLUFASE SUSP 60mlFN COLUFASE SUSP 60mlFN
1382,NITAZOXANIDA,1.3184,SOLIDO ORAL,TABLETA,500 MG,,7861148020250,COLUFASE 500MG * 6 TABS NITAZOXADINA COLUFASE 500MG * 6 TABS NITAZOXADINA
1387,NITROFURANTOINA,0.2244,SOLIDO ORAL,CAPSULA,100 MG,,7640153082510,UVAMIN RTD CAP 100MG UVAMIN RTD CAP 100MG
1391,NOREPINEFRINA,10.2102,LIQUIDO PARENTERAL,SOLUCION INYECTABLE,4 MG,,7707289590040,NOREPINEFRINA AMP 4ML ADS PHARMA NOREPINEFRINA AMP 4ML ADS PHARMA
1393,NORETISTERONA + ESTRADIOL VALERATO,4.4226,LIQUIDO PARENTERAL,SOLUCION INYECTABLE,50 MG + 5 MG,,7501303471939,MESIGYNA AMP. MESIGYNA AMP. MESIGYNA AMP. MESIGYNA AMP. MESIGYNA AMP.
1395,OCTREOTIDA,22.9169,LIQUIDO PARENTERAL,SOLUCION INYECTABLE,0.1 MG/ML,,7703889123831,OCTRIDE 1MG/1ML OCTRIDE 1MG/1ML OCTRIDE 1MG/1ML OCTRIDE 1MG/1ML OCTRIDE 1MG/1ML
1401,OLANZAPINA,6.3767,SOLIDO ORAL,TABLETA RECUBIERTA,5 MG,,7501082212334,ZYPREXA OLANZAPINA TAB VAJ*14 ZYPREXA OLANZAPINA TAB VAJ*14
1403,OLIGOELEMENTOS,5.5446,LIQUIDO PARENTERAL,SOLUCION INYECTABLE,ND,10ML,NULOLI0000001 ,NULANZA 10ML=OLIGOELEMENTOS 10ML NULANZA 10ML=OLIGOELEMENTOS 10ML
1407,OMEPRAZOL,0.4114,SOLIDO ORAL,CAPSULA,20 MG,,7703763230242,OMEPRAZOL DE 20MG CAJ*16 LA SANTE OMEPRAZOL DE 20MG CAJ*16 LA SANTE
1408,OMEPRAZOL,0.5984,SOLIDO ORAL,CAPSULA,40 MG,,7703763995783,OMEPRAZOL DE 40MG CAJ*30 LA SANTE OMEPRAZOL DE 40MG CAJ*30 LA SANTE
1409,OMEPRAZOL,5.4604,SOLIDO PARENTERAL,POLVO PARA INYECCION,40 MG,,212062232,OMEPRAZOL SODICO 40MG REYOUNG OMEPRAZOL SODICO 40MG REYOUNG
1412,ONDANSETRON,3.0201,LIQUIDO PARENTERAL,SOLUCION INYECTABLE,8 MG,,7861182701351,ONDANSETRON 8MG 4ML AMP. SDS ONDANSETRON 8MG 4ML AMP. SDS
1413,ONDANSETRON,1.7017,SOLIDO ORAL,TABLETA,4 MG,,ONDASE0000001,ONDANSETRON 4MG TAB ONDANSETRON 4MG TAB
1417,OXACILINA,1.1688,SOLIDO PARENTERAL,POLVO PARA INYECCION,1 G,,7707236123284,OXACILINA 1G OXACILINA 1G AMPOLLA 1 1G
1446,OXITOCINA,0.6078,LIQUIDO PARENTERAL,SOLUCION INYECTABLE,10 UI/ML,,OXITOC0000011,OXITOCINA AMP. 10UI 1ML SDS OXITOCINA AMP. 10UI 1ML SDS
1467,PARACETAMOL,1.5428,LIQUIDO ORAL,SOLUCION ORAL,150 MG/5 ML,120 ML,7702057441371,PARACETAMOL MK 150MG/5ML X 120 ML JBE PARACETAMOL MK 150MG/5ML X 120 ML JBE PARACETAMOL MK 150MG/5ML X 120 ML JBE PARACETAMOL MK 150MG/5ML X 120 ML JBE 150MG/5ML X 120 ML
1471,PARACETAMOL,13.81,LIQUIDO PARENTERAL,SOLUCION PARA INFUSION, 1G,,FSK10,PARACETAMOL 1000MG SOL INY PARACETAMOL 1000MG SOL INY PARACETAMOL SOL INY PARACETAMOL SOL INY 1000MG
1473,PARACETAMOL,0.1983,SOLIDO ORAL,TABLETA,1 G,,7861152100016,PARACETAMOL 1G ANALGAN COMP 1G TABLETAS TABLETAS 1G
1477,PARACETAMOL,0.0468,SOLIDO ORAL,TABLETA RECUBIERTA,500 MG,,7703153008802,UMBRAL 500MG*50CAP(PARACETAMOL 500MG) UMBRAL 500MG*50CAP(PARACETAMOL 500MG) CAP CAP 500MG
1499,PIPERACILINA + TAZOBACTAM,21.3741,SOLIDO PARENTERAL,POLVO PARA INYECCION,4 G + 0.5 G,,7707236121556,PIPERACILINA + TAZOBACTAN 4.5GR PIPERACILINA + TAZOBACTAN 4.5GR
1505,POLIETILENGLICOL (MACROGOL) EN COMBINACIONES,2.9359,SOLIDO ORAL,GRANULADO,3350,105.000G,7861152101129,NULYTELY POLV. CEREZA SOB*109.GG CAJA*4 NULYTELY POLV. CEREZA SOB*109.GG CAJA*4
1506,POLIETILENGLICOL (MACROGOL) EN COMBINACIONES,22.3465,SOLIDO ORAL,GRANULADO,3350,250 G,7703454128896,NEOLAX FRASCO 250G NEOLAX FRASCO 250G
1514,PREDNISONA,0.5517,SOLIDO ORAL,TABLETA,20 MG,,7861141100966,PREDNISONA PHARMABRAND TAB 20MG CAJ*30 PREDNISONA PHARMABRAND TAB 20MG CAJ*30 TABLETA TABLETA 20MG
1515,PREDNISONA,0.1683,SOLIDO ORAL,TABLETA,5 MG,,7861141100959,PREDNISONA 5MG PREDNISONA 5MG
1516,PREGABALINA,1.496,SOLIDO ORAL,TABLETA,150 MG,,7861149201672,PRESTAT 150MG PREGABALINA X 40COMP PRESTAT 150MG PREGABALINA X 40COMP
1519,PREGABALINA,0.8322,SOLIDO ORAL,TABLETA,75 MG,,7705959881177,PREGAbALINA 75MG GENFAR CAJ*30 PREGAbALINA 75MG GENFAR CAJ*30 PREGAbALINA 75MG GENFAR CAJ*30 PREGAbALINA 75MG GENFAR CAJ*30 75MG
1530,PROPOFOL,52.2385,LIQUIDO PARENTERAL,EMULSION INYECTABLE,1% 10MG/ML,20ML,7703763999750,ZOPLICONA 7.5MG LA SANTE CAJ*30 ZOPLICONA 7.5MG LA SANTE CAJ*30
1541,QUETIAPINA,3.0294,SOLIDO ORAL,TABLETA RECUBIERTA,50 MG,,7730979096317,QUETIAPINA 50MG QUETIAPINA 50MG QUETIAPINA 50MG QUETIAPINA 50MG QUETIAPINA 50MG
1555,REMIFENTANILO,12.716,SOLIDO PARENTERAL,POLVO PARA INYECCION,5 MG,,7798007804587,REMIFENTANILO 5MG KABI MC REMIFENTANILO 5MG KABI MC
1567,RISPERIDONA,15.6519,LIQUIDO ORAL,SOLUCION ORAL,1 MG/ML,20 ML,7730698003177,GOVAL 0.1% GOTAS * 20ML RISPERIDONA GOVAL 0.1% GOTAS * 20ML RISPERIDONA
1575,RIVAROXABAN,2.9827,SOLIDO ORAL,TABLETA,15 MG,,7795320000238,XARELTO 15MG CAJ*14 COMP XARELTO 15MG CAJ*14 COMP
1596,SALBUTAMOL,8.7236,LIQUIDO PARA INHALACION,SOLUCION PARA INHALACION,0.1 MG/DOSIS (100 MCG/DOSIS),250 DOSIS,7702057296575,SALBUTAMOL MK INHAL 100MCG/D *200DOSIS SALBUTAMOL MK INHAL 100MCG/D *200DOSIS
1597,SALBUTAMOL,7.1995,LIQUIDO PARA INHALACION,SOLUCION PARA INHALACION,25 MG/5 ML,10 ML,7501043171779,VENTOLIN SOL INHAL 0.5% FCO*10ML VENTOLIN SOL INHAL 0.5% FCO*10ML
1619,SERTRALINA,0.7761,SOLIDO ORAL,TABLETA RECUBIERTA,50 MG,,7861152101952,CONEXINE 50 MG COM SERTRALINA CONEXINE 50 MG COM SERTRALINA
1620,SEVOFLURANO,214.087,LIQUIDO PARA INHALACION,SOLUCION PARA INHALACION,1 MG/ML,250 ML,SEVRAN0000001 ,SEVOFLURANO 250ML R.P SEVOFLURANO 250ML R.P. SEVOFLURANO 250ML R.P SEVOFLURANO 250ML R.P SEVOFLURANO 250ML R.P
1626,SIMVASTATINA,0.4675,SOLIDO ORAL,TABLETA RECUBIERTA,40 MG,,7703763090044,SIMVASTATINA SANTE TAB 40MG CAJ*10 SIMVASTATINA SANTE TAB 40MG CAJ*10
1650,SULFADIAZINA DE PLATA,2.3469,SEMISOLIDO CUTANEO,CREMA,1%,30 G,7702605161942,SULFADIAZINA DE PLATA GENFAR 1% TUBO 30G SULFADIAZINA DE PLATA GENFAR 1% TUBO 30G CREMA CREMA 30G
1654,SULFATO DE MAGNESIO,0.4582,LIQUIDO PARENTERAL,SOLUCION INYECTABLE,20%,,7861182700897,SULFATO MAGNESIO AMP INY X 20% X 10 ML SULFATO MAGNESIO AMP INY X 20% X 10 ML
1681,TAMSULOSINA,0.935,SOLIDO ORAL,TABLETA RECUBIERTA,0.4 MG,,7861097205845,TAMSULOSINA NIFA 0.4 MG CAJA*10 TAB TAMSULOSINA NIFA 0.4 MG CAJA*10 TAB
1685,TELMISARTAN,0.6919,SOLIDO ORAL,TABLETA RECUBIERTA,40 MG,,4048846007599,MICARDIS COMP 40MG CAJ*28 MICARDIS COMP 40MG CAJ*28
1686,TELMISARTAN,0.8883,SOLIDO ORAL,TABLETA RECUBIERTA,80 MG,,MICARP80MG ,MICARDIS PLUS 80 MG MICARDIS PLUS 80 MG MICARDIS PLUS 80 MG MICARDIS PLUS 80 MG MICARDIS PLUS 80 MG
1700,TERBINAFINA,1.5521,SOLIDO ORAL,TABLETA RECUBIERTA,250 MG,,7702605162918,TERBINAFINA GENFAR 250MG TERBINAFINA GENFAR 250MG TABLETAS TABLETA 250MG
1723,TOBRAMICINA,8.4898,LIQUIDO OFTALMICO,SOLUCION OFTALMICA,0.30%,5 ML,7612797435458,TOBRADEX 5ML SUSPENSION OFTALMICA TOBRADEX 5ML SUSPENSION OFTALMICA
1729,TOPIRAMATO,0.4769,SOLIDO ORAL,TABLETA RECUBIERTA,50 MG,,7861152102379,TOPICTAL 50MG CAJ*28 COMP TOPICTAL 50MG CAJ*28 COMP . . 50MG
1739,TRAMADOL ,5.61,LIQUIDO ORAL,SOLUCION ORAL,100 MG/ML,10 ML,7861073967705,TRAMAL GOTAS 100MG/ML FCO TRAMAL GOTAS 100MG/ML FCO GOTAS GOTAS GOTAS
1740,TRAMADOL,0.7948,LIQUIDO PARENTERAL,SOLUCION INYECTABLE,100 MG,,7707236128074,TRAMADOL AMP. 100MG 2ML VIT TRAMADOL AMP. 100MG 2ML VIT
1742,TRAMADOL,0.3647,SOLIDO ORAL,TABLETA LIBERACION PROLONGADA,50 MG,,7861073963462,TRAMAL LONG TAB REC LIB PROL 50MG CAJ*10 TRAMAL LONG TAB REC LIB PROL 50MG CAJ*10
1743,TRAMADOL + DICLOFENACO,0.2525,SOLIDO ORAL,TABLETA,50 MG + 50 MG,,7861073904328,ADORLAN FORT 50/50MG *30 TAB ADORLAN FORT 50/50MG *30 TAB
1744,TRAMADOL + PARACETAMOL,0.374,SOLIDO ORAL,TABLETA,325 MG + 37.5 MG,,7861152103314,ANALGAN TRAM ANALGAN TRAM
1758,UREA,14.9413,SEMISOLIDO CUTANEO,CREMA,10%,200 G,7862103550119,QUERATOL 10 CREMA HID TUBO*200G QUERATOL 10 CREMA HID TUBO*200G
1787,VANCOMICINA,7.6109,SOLIDO PARENTERAL,POLVO PARA INYECCION,500 MG,,MED056 ,VANCOMICINA 500MG INY VIT VANCOMICINA 500MG INY VIT
1793,VENLAFAXINA,1.1875,SOLIDO ORAL,CAPSULA LIBERACION PROLONGADA,37.5 MG,,32197,EFEXOR XR CAPx37.5MGx7 EFEXOR XR CAPx37.5MGx7
1809,WARFARINA,0.2338,SOLIDO ORAL,TABLETA RECUBIERTA,5 MG,,8806456052219,WARFARINA 5MG CAJ*20 TAB WARFARINA 5MG CAJ*20 TAB
1821,ZOPICLONA,0.3647,SOLIDO ORAL,TABLETA RECUBIERTA,7.5 MG,,7703763999750,ZOPLICONA 7.5MG LA SANTE CAJ*30 ZOPLICONA 7.5MG LA SANTE CAJ*30